Document ID,Document Date,Gazette Type,Reasoning
1960-37,2016-03-31,NOT APPLICABLE,"This gazette notification announces special allowance payments for workers in specific agricultural trades based on cost of living index calculations. It does not relate to government structure, ministries, government personnel, appointments, or any changes to government hierarchy. The content concerns wage regulations and labor department administrative functions, which fall outside the scope of government structure classification."
1960-39,2016-03-31,NOT APPLICABLE,"This gazette content pertains to tax regulations and amendments to the Inland Revenue Act regarding transfer pricing disclosures and certifications. While it mentions the Minister of Finance's name in the signature block, the substantive content is purely regulatory/administrative matter related to tax compliance procedures, not government structure, personnel changes, or ministerial portfolios. The content falls under licensing/regulatory matters specifically excluded from classification."
1960-42,2016-03-31,NOT APPLICABLE,"This gazette content pertains to tax regulations and transfer pricing disclosure requirements under the Inland Revenue Act. It involves administrative procedures for taxpayers and accounting practices, but does not relate to government structure, ministries, government personnel appointments, or changes to ministerial portfolios. The content focuses on tax compliance forms and procedures rather than government hierarchy or personnel matters."
1960-43,2016-03-31,NOT APPLICABLE,"This gazette exclusively contains land acquisition notices under the Land Acquisition Act, detailing specific parcels of land being acquired for public purposes. It does not mention government structure, ministries, ministerial appointments, personnel changes, or any alterations to government hierarchy or portfolios. The content falls under the excluded category of ""Land registrations, property ownership, land titles."""
1960-44,2016-03-31,NOT APPLICABLE,"This gazette content relates to electricity regulation exemptions for micro hydro projects, specifically detailing licensing exemptions, technical conditions, and operational requirements for community-based electricity generation. It does not mention government ministries, ministerial appointments, portfolio assignments, government restructuring, or any changes to government hierarchy or personnel. The content focuses on regulatory exemptions and technical specifications under the Sri Lanka Electricity Act, which falls outside the scope of government structure/personnel classification."
1960-45,2016-03-31,NOT FOUND,"NOT APPLICABLE - Non-governmental content

**Reasoning:** This gazette exclusively contains land title registration declarations under the Registration of Title Act, No. 21 of 1998. The content details determinations of land ownership for specific parcels, including owner names, property extents, and encumbrances. It does not contain any information related to government structure, ministries, ministerial appointments, portfolio assignments, or government personnel changes. The content falls squarely within the excluded categories of land registrations and property ownership matters."
1960-46,2016-03-31,NOT APPLICABLE,"This gazette exclusively concerns land title registration matters under the Registration of Title Act, specifically declarations of determination for specific land parcels. It contains no content related to government structure, ministries, government personnel appointments, or ministerial portfolio changes. The content falls under the excluded category of ""Land registrations, property ownership, land titles."""
1960-47,2016-03-31,NOT APPLICABLE,"This gazette exclusively concerns land title registrations and determinations by the Commissioner of Title Settlement under the Registration of Title Act. It contains detailed schedules of land parcels, their owners, and property details. There is no mention of government structure, ministries, ministerial appointments, or any changes to government personnel or hierarchy. The content falls under the excluded category of ""Land registrations, property ownership, land titles."""
1960-48,2016-03-31,NOT APPLICABLE,"This gazette exclusively concerns land title registrations and property ownership determinations under the Registration of Title Act. It contains detailed schedules of land parcels, their owners, and property encumbrances. There is no mention of government structure, ministries, ministerial appointments, or any changes to government hierarchy or personnel. The content falls squarely within the excluded category of ""Land registrations, property ownership, land titles."""
1960-49,2016-03-31,NOT APPLICABLE,"This gazette content exclusively deals with land title registrations and property ownership determinations under the Registration of Title Act. It contains detailed listings of land parcels, their owners, and property boundaries, but does not mention any government structure, ministries, ministerial appointments, or personnel changes. The content falls under the excluded category of ""Land registrations, property ownership, land titles."""
1960-50,2016-03-31,NOT APPLICABLE,"This gazette exclusively contains land title registration declarations under the Registration of Title Act, No. 21 of 1998. It details determinations of land ownership for specific parcels in various villages, including owner names, property extents, and encumbrances. The content falls under land registration matters, which are explicitly excluded from classification according to the scope restrictions. There is no mention of government structure, ministries, personnel appointments, or any government hierarchy changes."
1960-51,2016-03-31,NOT FOUND,"NOT APPLICABLE - Non-governmental content

**Reasoning:** This gazette content exclusively deals with land title registrations and determinations by the Commissioner of Title Settlement under the Registration of Title Act. It contains detailed schedules of land parcels, property ownership details, and cadastral information. There is no mention of government structure, ministries, ministerial appointments, or any government personnel changes. The content falls squarely within the excluded categories of land registrations and property ownership matters."
1960-52,2016-03-31,NOT APPLICABLE,"This gazette content exclusively concerns land title registrations and property ownership determinations under the Registration of Title Act. It contains detailed schedules of land parcels, their owners, and property details, but makes no reference to government structure, ministries, ministerial appointments, or personnel changes. The content falls under the excluded category of ""Land registrations, property ownership, land titles."""
1960-53,2016-03-31,NOT APPLICABLE,"This gazette content exclusively deals with land title registration matters under the Registration of Title Act, specifically declaring determinations of land ownership for various parcels in Wattala. It contains no references to government structure, ministries, government personnel, presidential appointments, ministerial changes, or any aspect of government hierarchy. The content falls under the excluded category of ""Land registrations, property ownership, land titles."""
1960-54,2016-03-31,NOT APPLICABLE,"This gazette exclusively contains land title registration declarations under the Registration of Title Act, determining ownership of specific land parcels. It involves individual landowners, the Road Development Authority, and Pradeshiya Sabha (local government), but does not relate to national government structure, ministries, ministerial appointments, or government personnel changes as defined in the scope."
1960-55,2016-03-31,NOT APPLICABLE,"This gazette content exclusively concerns land title registration and determinations under the Registration of Title Act, specifically addressing parcel numbers, land ownership by Sri Lanka Mahaweli Authority, and cadastral mapping details. It contains no information about government structure, ministries, ministerial appointments, or personnel changes. The content falls under land administration matters, which are explicitly excluded from classification according to the scope restrictions."
1960-57,2016-03-31,NOT APPLICABLE,"This gazette exclusively contains land title registration declarations under the Registration of Title Act, detailing determinations of land ownership for specific parcels. It does not mention government structure, ministries, ministerial appointments, or any changes to government personnel or hierarchy. The content falls under land registration matters, which are explicitly excluded from classification."
1960-58,2016-03-31,NOT APPLICABLE,"This gazette notice relates to land acquisition under the Land Acquisition Act for Yala National Park. It describes specific land parcels, claimants, and procedures for compensation claims. The content is purely about land administration and property matters, with no mention of government structure, ministries, ministerial appointments, or personnel changes."
1960-59,2016-03-31,NOT APPLICABLE,"This gazette content relates to the imposition of special commodity levies on specific goods (dried fish, yogurt, butter, onions, fruits, seeds, etc.) under the Special Commodity Levy Act. While it mentions the Minister of Finance by name, this is purely in the context of exercising statutory powers to impose taxes/levies. The content does not relate to government structure, ministerial changes, personnel appointments, or portfolio assignments. It is a regulatory/taxation matter that falls outside the scope of government structure and personnel classification."
1960-15,2016-03-30,NOT APPLICABLE,"This gazette content exclusively concerns land title registrations and property ownership determinations under the Registration of Title Act. It contains no information about government structure, ministries, ministerial appointments, or government personnel changes. The content falls under the excluded category of ""Land registrations, property ownership, land titles."""
1960-16,2016-03-30,NOT APPLICABLE,"This gazette exclusively contains land title registration declarations under the Registration of Title Act, detailing specific land parcels, their owners, and property encumbrances. It does not mention government structure, ministries, ministerial appointments, or any government personnel changes. The content falls under land registration matters, which are explicitly excluded from classification according to the scope restrictions."
1960-17,2016-03-30,NOT APPLICABLE,"This gazette exclusively concerns land title registrations and determinations under the Registration of Title Act. It details specific land parcels, their owners, and property-related encumbrances. The content does not relate to government structure, ministries, ministerial appointments, or any changes to government personnel or hierarchy. It is purely a matter of land administration and property rights."
1960-18,2016-03-30,NOT APPLICABLE,"This gazette exclusively contains land title registration declarations under the Registration of Title Act, detailing specific land parcels, their locations, and ownership determinations. It does not mention government structure, ministries, ministerial appointments, portfolio assignments, or any government personnel changes. The content falls under land administration matters, which are explicitly excluded from classification."
1960-19,2016-03-30,NOT APPLICABLE,"This gazette exclusively contains land title registration declarations under the Registration of Title Act, detailing specific land parcels, their owners, and property characteristics. It does not mention any government structure, ministries, ministerial appointments, or personnel changes. The content falls under land administration matters which are explicitly excluded from classification."
1960-20,2016-03-30,NOT FOUND,"NOT APPLICABLE - Non-governmental content

This gazette content exclusively deals with land title registrations and property ownership determinations under the Registration of Title Act. It contains detailed schedules of land parcels, their owners, property boundaries, and cadastral information. The content falls squarely within the excluded categories of land registrations, property ownership, and land titles, with no mention of government structure, ministries, ministerial appointments, or personnel changes."
1960-21,2016-03-30,NOT APPLICABLE,"This gazette content exclusively concerns land title registration under the Registration of Title Act, specifically declaring a determination regarding ownership of a specific parcel of land. It involves the Commissioner of Title Settlement performing statutory duties related to property registration, not government structure, ministries, or personnel appointments. The content falls under the excluded category of ""Land registrations, property ownership, land titles."""
1960-22,2016-03-30,NOT APPLICABLE,"This gazette content exclusively concerns land title registration and property ownership matters under the Registration of Title Act. It involves the Commissioner of Title Settlement determining ownership of specific land parcels, which falls outside the scope of government structure, ministries, or personnel classification. No government ministries, ministerial appointments, or structural changes to government hierarchy are mentioned."
1960-23,2016-03-30,NOT APPLICABLE,"This gazette content exclusively concerns land title registration and property ownership determinations under the Registration of Title Act. It involves the Commissioner of Title Settlement declaring determinations for specific land parcels, listing property owners and their details. There is no mention of government structure, ministries, ministerial appointments, or any government personnel changes. The content falls under land administration matters, which are explicitly excluded from classification."
1960-24,2016-03-30,NOT FOUND,"NOT APPLICABLE - Non-governmental content

**Reasoning:** This gazette exclusively contains land title registration declarations under the Registration of Title Act, No. 21 of 1998. The content details determinations of land ownership for specific parcels, including owner names, land extents, and encumbrances. It does not contain any information related to government structure, ministries, ministerial appointments, portfolio assignments, or personnel changes within the government hierarchy. The content falls squarely within the excluded categories of land registrations and property ownership matters."
1960-25,2016-03-30,NOT APPLICABLE,"This gazette content relates to the addition of a new sport (Roll Ball) to a schedule under the Sports Act. It involves a ministerial order regarding sports classification, which falls under administrative/licensing matters rather than government structure, personnel changes, or ministerial portfolio assignments."
1960-29,2016-03-30,NOT APPLICABLE,"This gazette content is about issuing annual practicing licenses to registered surveyors through the Land Survey Council under the Ministry of Lands. It contains a list of licensed individuals but does not relate to government structure, ministerial appointments, portfolio assignments, or government personnel changes. The content falls under professional licensing/exclusion category."
1960-30,2016-03-30,NOT APPLICABLE,"This gazette content relates to land acquisition by the Ceylon Electricity Board under the Ceylon Electricity Board Act. While it mentions a Minister's name and title, the core content is about property/land matters (acquisition of a specific land parcel for utility purposes), which falls outside the scope of government structure, ministries, or personnel changes. The ministerial reference is only in the context of approving a land transaction, not announcing any government structural or personnel changes."
1960-31,2016-03-30,NOT APPLICABLE,"This gazette content relates to land acquisition approval by the Ceylon Electricity Board under the Ceylon Electricity Board Act. While it mentions a Minister's name and title, the core content is about land acquisition for infrastructure purposes, which falls under the excluded category of ""Land registrations, property ownership, land titles."" It does not involve government structure changes, ministerial portfolio assignments, or personnel changes affecting government hierarchy."
1960-32,2016-03-30,NOT APPLICABLE,"This gazette notice is exclusively about land acquisition under the Land Acquisition Act, describing specific land parcels, their boundaries, and claimants. It contains no content related to government structure, ministries, government personnel appointments, or ministerial portfolios. The notice is purely administrative regarding property acquisition for public purposes."
1960-34,2016-03-30,NOT APPLICABLE,"This gazette content is a land acquisition notice under the Land Acquisition Act. It involves the Minister of Lands declaring that a specific parcel of land is needed for a public purpose. While a minister is named, the core subject matter is the acquisition of land, which falls under the excluded category of ""Land registrations, property ownership, land titles."" The content does not relate to government structure, personnel changes, or ministerial portfolios."
1960-35,2016-03-30,NOT APPLICABLE,"This gazette exclusively contains local by-laws and regulations for provincial councils regarding business licensing, health standards, and operational requirements for eating houses, hotels, bakeries, advertisements, parking, and other local administrative matters. It does not relate to national government structure, ministries, ministerial appointments, or government personnel changes. The content focuses on municipal-level administrative regulations rather than central government hierarchy or personnel."
1960-36,2016-03-30,NOT APPLICABLE,"This gazette content exclusively concerns amendments to the rules of the Sri Lanka Railway Uniform Staff Benevolent Fund, detailing changes to loan amounts, interest rates, repayment schedules, and internal fund management procedures. It does not relate to government structure, ministries, government personnel appointments, or any changes to the government hierarchy. The mention of the Minister of Finance is only in the context of confirming rules for a staff benevolent fund, which falls under administrative matters outside the classification scope."
1960-08,2016-03-29,PEOPLE,"This gazette content involves a government personnel (Minister Lakshman Kiriella) exercising ministerial powers to amend a university schedule. While it mentions the minister's title (Minister of Higher Education and Highways), it does not provide any detailed breakdown of his portfolio responsibilities or describe the scope of his ministerial duties. The content focuses solely on the minister's action in his official capacity."
1960-09,2016-03-29,HYBRID,"The gazette content is a government notification issued by Lakshman Kiriella, who is specifically named with his ministerial title ""Minister of Higher Educations and Highways."" The order outlines his detailed responsibilities and authority under the Universities Act to amend the structure of the University of Jaffna by adding a new Faculty of Technology with specific departments. This constitutes both a named government official and a detailed description of his portfolio responsibilities and actions."
1960-10,2016-03-29,PEOPLE,"This gazette content involves a government personnel appointment (Professor Jayantha Walihinda as Competent Authority) made by a named minister (Lakshman Kiriella, Minister of Higher Education and Highways). While it mentions a ministerial title, it does not include detailed portfolio responsibilities or descriptions of ministerial duties. The content focuses solely on the appointment of a specific individual to a government position without detailing the portfolio responsibilities of the minister or the appointee."
1960-11,2016-03-29,PEOPLE,"This gazette content relates to a government personnel action. It names a specific minister (Lakshman Kiriella, Minister of Higher Education and Highways) and details his action of revoking the appointment of a Competent Authority (Professor Uma Coomaraswamy) for a university. The content involves a minister exercising his statutory powers, which is a government personnel-related matter. However, it does not contain a detailed breakdown of the minister's portfolio responsibilities, only stating his title. Therefore, it is classified as Type 2 (People)."
1960-12,2016-03-29,NOT APPLICABLE,"The gazette content exclusively concerns industrial dispute arbitration orders under the Industrial Disputes Act. It details the appointment of arbitrators to resolve specific labor disputes between individual employees/employee groups and their employers (Uva Development Bank and Central Cultural Fund). There is no mention of government structure, ministerial portfolios, personnel appointments, or any changes to the government hierarchy. The content is purely administrative and legal in nature, falling outside the scope of government structure/personnel classification."
1960-13,2016-03-29,NOT APPLICABLE,"This gazette exclusively contains land title registration amendments under the Registration of Title Act, specifically detailing corrections to land parcel measurements and expunging records. It involves the Commissioner of Title Settlement and land administration matters, but does not relate to government structure, ministries, ministerial appointments, or personnel changes affecting government hierarchy."
1960-14,2016-03-29,NOT APPLICABLE,"This gazette content exclusively deals with land title registrations and determinations by the Commissioner of Title Settlement under the Registration of Title Act. It contains detailed schedules of land parcels, their owners, and property details, which falls under the excluded category of ""Land registrations, property ownership, land titles."" There is no mention of government structure, ministries, ministerial appointments, or any government personnel changes."
1960-01,2016-03-28,NOT APPLICABLE,"This gazette content exclusively concerns customs exchange rates and financial regulations under the Customs Ordinance. It does not mention any government ministries, departments, personnel appointments, structural changes, or ministerial portfolios. The content is purely administrative/operational matter related to customs duties and currency exchange rates."
1960-03,2016-03-28,NOT APPLICABLE,"This gazette notification is about customs duties and import tariffs on rice products under the Customs Ordinance. It does not relate to government structure, ministries, government personnel, presidential appointments, ministerial changes, or government restructuring. The content is purely about revenue protection and tariff regulations."
1960-04,2016-03-28,NOT APPLICABLE,"This gazette content relates to the recognition of a private educational institution (South Asian Institute of Technology and Medicine Ltd.) as a degree-awarding institute under the Universities Act. While it mentions a minister's name and title, the content focuses on educational accreditation, institutional requirements, and academic standards rather than government structure, ministerial portfolios, or personnel changes. The minister's role here is regulatory/administrative in nature, not related to government hierarchy or portfolio assignments."
1960-05,2016-03-28,NOT APPLICABLE,"This gazette notification relates to the determination of areas for an Agrarian Development Committee under the Agrarian Development Act. It involves administrative boundaries and agricultural service areas, but does not mention government ministries, ministerial appointments, government personnel changes, or any restructuring of government hierarchy. The content is purely administrative/operational regarding agricultural development zones."
1960-06,2016-03-28,NOT APPLICABLE,"This gazette exclusively contains land acquisition notices under the Land Acquisition Act, detailing specific parcels of land being acquired for public purposes. It does not mention any government ministries, ministers, departments, personnel changes, or structural reorganizations. The content falls under the excluded category of ""Land registrations, property ownership, land titles."""
1960-07,2016-03-28,NOT APPLICABLE,"This gazette content exclusively concerns land acquisition notices under the Land Acquisition Act, specifically describing parcels of land to be acquired for public purposes. It contains no information about government structure, ministries, ministerial appointments, personnel changes, or government hierarchy. The content falls under excluded categories of land registrations and administrative matters unrelated to government structure."
1959-10,2016-03-24,NOT APPLICABLE,"This gazette content concerns the filling of a vacancy in a Provincial Council due to a resignation, as per the Provincial Councils Elections Act. It involves the Election Commission and a political party nomination process. This is an electoral matter related to a provincial legislative body, not the structure, personnel, or portfolios of the central government (ministries, ministers, or presidential appointments)."
1959-11,2016-03-24,NOT APPLICABLE,"This gazette notice concerns the filling of a vacancy in a local municipal council (Colombo Municipal Council) due to the death of a member. The content involves a local authority election process under the Local Authorities Elections Ordinance and does not relate to national government structure, ministries, ministerial appointments, or government personnel changes at the national level."
1959-12,2016-03-24,NOT APPLICABLE,"This gazette content is a correction to regulations under the Motor Traffic Act published by the Minister of Transport and Civil Aviation. While it mentions a ministerial title, the content itself relates to traffic regulations and legal corrections, not government structure, personnel changes, or ministerial portfolio assignments. This falls under administrative/regulatory matters outside the scope of government structure classification."
1959-13,2016-03-24,NOT APPLICABLE,"This gazette exclusively contains land registration notices calling for claims to land parcels under the Registration of Title Act. It deals with property ownership, land titles, and administrative procedures for determining land ownership. There is no content related to government structure, ministries, government personnel appointments, or ministerial portfolio changes."
1959-15,2016-03-24,NOT APPLICABLE,"This gazette exclusively contains notices calling for claims to land parcels under the Registration of Title Act. It deals with land ownership, possession claims, and title settlement procedures. There is no mention of government structure, ministries, ministerial appointments, personnel changes, or any matters affecting government hierarchy or portfolios. The content falls squarely within the excluded categories of land registrations and administrative matters unrelated to government structure."
1959-16,2016-03-24,NOT APPLICABLE,"This gazette content exclusively concerns land title registrations and determinations by the Commissioner of Title Settlement under the Registration of Title Act. It contains detailed schedules of land parcels, property owners, and land ownership details. There is no mention of government structure, ministries, ministerial appointments, or any government personnel changes. The content falls under land registration matters which are explicitly excluded from classification according to the scope restrictions."
1959-17,2016-03-24,NOT APPLICABLE,"This gazette exclusively concerns land title registrations and property ownership determinations under the Registration of Title Act. It contains detailed schedules of land parcels, their owners, and property characteristics. There is no mention of government structure, ministries, ministerial appointments, personnel changes, or any administrative matters affecting government hierarchy. The content falls squarely within the excluded categories of land registrations and property ownership."
1959-19,2016-03-24,NOT APPLICABLE,"This gazette content exclusively deals with land acquisition notices under the Land Acquisition Act, detailing specific parcels of land being acquired for public purposes. It contains no information about government structure, ministries, ministerial appointments, portfolio assignments, or any changes to government personnel or hierarchy. The content falls under the excluded category of ""Land registrations, property ownership, land titles."""
1959-20,2016-03-24,NOT APPLICABLE,"This gazette content relates to accounting and auditing standards for the insurance industry, specifically guidelines for segregating life and general insurance businesses. It involves technical financial reporting requirements issued by the Institute of Chartered Accountants of Sri Lanka, not government structure, ministries, or personnel. The content focuses on regulatory compliance for insurance companies and financial disclosure standards, which falls outside the scope of government hierarchy, ministerial appointments, or departmental restructuring."
1959-21,2016-03-24,NOT APPLICABLE,"This gazette content relates to accounting standards and tax treatment guidelines issued by the Institute of Chartered Accountants of Sri Lanka, a professional body. It concerns technical accounting procedures for Super Gain Tax under the Finance Act, not government structure, ministries, or personnel appointments. The content is purely about financial reporting standards and does not involve any government hierarchy, ministerial changes, or presidential appointments."
1959-09,2016-03-23,NOT APPLICABLE,"This gazette content pertains to provincial transport regulations, specifically rules and timetables for passenger bus services in the Eastern Province. It does not relate to government structure, ministries, government personnel appointments, or changes to ministerial portfolios. The content focuses on operational regulations for transport services rather than government hierarchy or personnel matters."
1959-08,2016-03-22,NOT APPLICABLE,"The gazette content announces the National Consumer Price Index for February 2016, published by the Department of Census and Statistics. This is a statistical announcement related to economic data and inflation measurement. It does not relate to government structure, ministries, government personnel, appointments, or any changes to the government hierarchy."
1959-01,2016-03-21,NOT APPLICABLE,"This gazette content relates to customs exchange rates and financial regulations under the Customs Ordinance. It involves technical adjustments to currency conversion rates for customs duties and charges, which falls under administrative/regulatory matters rather than government structure, ministerial changes, or personnel appointments. The mention of an Acting Director General of Customs is in an operational capacity, not a government ministerial or structural context."
1959-02,2016-03-21,NOT APPLICABLE,"This gazette content exclusively concerns land title registration and property ownership matters under the Registration of Title Act. It involves the declaration of a land title determination for a specific parcel of land, including details about the land owner, property extent, and encumbrances. There is no mention of government structure, ministries, ministerial appointments, or any government personnel changes. The content falls outside the scope of government-related classification as it deals with land administration rather than government hierarchy or personnel."
1959-03,2016-03-21,NOT APPLICABLE,"This gazette exclusively contains land title registration declarations under the Registration of Title Act, detailing determinations of land ownership for specific parcels. It does not mention government structure, ministries, ministerial appointments, portfolio assignments, or any changes to government hierarchy. The content falls under the excluded category of ""Land registrations, property ownership, land titles."""
1959-04,2016-03-21,NOT APPLICABLE,"The content relates to the Minister of Sports adding new sports categories (Kudo and Ballroom Dancers) to an official schedule under the Sports Act. While it mentions a minister by name, this concerns regulatory updates to sports classifications rather than government structure, ministerial portfolios, or personnel changes affecting government hierarchy. This is an administrative matter outside the classification scope."
1959-05,2016-03-21,PEOPLE,"This gazette content specifically names an individual (Wijeyadasa Rajapakshe) and identifies his government position (Minister of Justice). It involves a government personnel action (a minister exercising his authority to revoke a previous order). However, it does not contain any detailed breakdown of portfolio responsibilities or descriptions of what the Ministry of Justice is responsible for - it only mentions the basic title ""Minister of Justice."" This fits the criteria for Type 2 (People) classification."
1959-06,2016-03-21,NOT APPLICABLE,"This gazette content exclusively concerns the internal rules, membership structure, and administrative procedures of the Institute of Geology, Sri Lanka, a professional body. It does not relate to government ministries, ministers, departments, presidential appointments, ministerial changes, government restructuring, or any aspect of the government hierarchy or cabinet positions. The content is focused on professional certification and organizational governance, which falls outside the scope of classification."
1959-07,2016-03-21,PEOPLE,"This gazette exclusively concerns a government personnel action - the appointment of Mr. Kumara Hewage Sumithrapala to an investigation committee. While the appointing authority (the Chief Minister) and his extensive ministerial portfolios are listed, the core content is the appointment of a specific individual to a role. The detailed list of charges and evidence to be investigated are related to the committee's task, not a description of the ministerial portfolios or government structure itself. Therefore, this is classified as a personnel matter (Type 2)."
1958-76,2016-03-19,PEOPLE,This gazette contains ONLY government personnel changes (appointment of Suranga Naullage as a member of the National Salaries and Cadre Commission) without any detailed portfolio responsibilities or descriptions of government structural changes. The content mentions specific individuals being appointed but does not include detailed breakdowns of their responsibilities or portfolio assignments.
1958-29,2016-03-18,NOT APPLICABLE,"This gazette content exclusively concerns land title registrations and property ownership determinations under the Registration of Title Act. It contains detailed schedules of land parcels, their owners, and property characteristics. There is no mention of government structure, ministries, ministerial appointments, or any government personnel changes. The content falls under the excluded category of ""Land registrations, property ownership, land titles."""
1958-30,2016-03-18,NOT APPLICABLE,"This gazette content exclusively concerns land title registration and the determination of ownership for a specific parcel of land. It involves the Commissioner of Title Settlement executing powers under the Registration of Title Act. There is no mention of government structure, ministries, government personnel, appointments, or any changes to the administrative hierarchy. The content falls under the excluded category of ""Land registrations, property ownership, land titles."""
1958-31,2016-03-18,NOT APPLICABLE,"This gazette exclusively contains notices calling for claims to intestate property under the Registration of Title Act. It deals with land title settlement matters, property inheritance claims, and land registration procedures. There is no mention of government structure, ministries, ministerial appointments, or any government personnel changes. The content falls under land registration and legal administrative matters, which are explicitly excluded from classification."
1958-32,2016-03-18,NOT APPLICABLE,"This gazette content exclusively deals with land title registration matters, specifically calling for claims to intestate property under the Registration of Title Act. It contains no references to government structure, ministries, government personnel, appointments, or any changes to government hierarchy. The content falls under the excluded category of ""Land registrations, property ownership, land titles."""
1958-33,2016-03-18,NOT APPLICABLE,"This gazette exclusively contains land title registration declarations under the Registration of Title Act, No. 21 of 1998. It details determinations of land ownership for specific parcels, including owner names, land extents, and encumbrances. There is no content related to government structure, ministries, ministerial appointments, or government personnel changes."
1958-34,2016-03-18,NOT APPLICABLE,"This gazette exclusively contains amendments to land title registrations under the Registration of Title Act, including corrections to parcel numbers, owner addresses, land classifications, and property extents. It involves administrative land matters handled by the Commissioner of Title Settlement and does not relate to government structure, ministries, or personnel changes."
1958-35,2016-03-18,NOT APPLICABLE,"This gazette content exclusively concerns land title registration and property ownership matters under the Registration of Title Act. It details the determination of title for a specific parcel of land, including ownership details, property extent, and encumbrances. There is no mention of government structure, ministries, government personnel, appointments, or any changes to government hierarchy."
1958-36,2016-03-18,NOT APPLICABLE,"This gazette content exclusively concerns land title registration under the Registration of Title Act, specifically the determination of ownership for a particular land parcel. It involves administrative procedures for land settlement and does not mention any government structure, ministries, ministerial appointments, or personnel changes. The content falls outside the scope of government hierarchy classification."
1958-37,2016-03-18,NOT APPLICABLE,"This gazette content exclusively concerns land title registration and property ownership matters under the Registration of Title Act. It involves the Commissioner of Title Settlement determining ownership of a specific land parcel, which falls outside the scope of government structure, ministries, or personnel classification. The content does not mention any government ministries, ministerial appointments, portfolio changes, or government restructuring."
1958-38,2016-03-18,NOT APPLICABLE,"This gazette content exclusively concerns land title registration under the Registration of Title Act, specifically declaring a determination regarding a specific parcel of land. It involves property ownership rights, cadastral mapping, and land settlement matters, which fall outside the scope of government structure, ministries, or personnel classification."
1958-39,2016-03-18,NOT APPLICABLE,"This gazette content exclusively concerns land title registration matters under the Registration of Title Act, specifically declaring determinations of land ownership for specific parcels in Henegama. It contains no references to government structure, ministries, ministerial appointments, or government personnel changes. The content falls under land registration and property ownership, which are explicitly excluded from classification according to the scope restrictions."
1958-40,2016-03-18,NOT APPLICABLE,"This gazette notice concerns the settlement of intestate property (land inheritance) of a deceased individual under the Registration of Title Act. It involves calling for claims to private property and is published in the ""PART III - LANDS"" section. The content does not relate to government structure, ministries, government personnel, appointments, or any changes to ministerial portfolios."
1958-41,2016-03-18,NOT APPLICABLE,"This gazette exclusively contains land title registration amendments under the Registration of Title Act, involving corrections to property ownership records, land parcel details, and encumbrances. It does not mention any government ministries, personnel changes, structural reorganizations, or ministerial portfolios. The content falls under land administration matters which are explicitly excluded from classification."
1958-42,2016-03-18,NOT APPLICABLE,"This gazette exclusively contains land title registration amendments under the Registration of Title Act, No. 21 of 1998. The content details technical corrections to land parcel numbers, extents, ownership records, and encumbrances. It does not mention any government ministries, ministerial appointments, government personnel changes, or structural modifications to government departments. The content falls under land administration matters, which are explicitly excluded from classification."
1958-43,2016-03-18,NOT APPLICABLE,"This gazette exclusively concerns land title registrations and determinations under the Registration of Title Act. It details specific land parcels, their owners, extents, and encumbrances. The content is purely related to land administration and property rights, with no mention of government structure, ministries, ministerial appointments, or personnel changes."
1958-44,2016-03-18,NOT APPLICABLE,"This gazette exclusively contains land title registration declarations under the Registration of Title Act, detailing specific land parcels, their locations, and private ownership determinations. It does not mention government structure, ministries, ministerial appointments, or any changes to government personnel or hierarchy."
1958-45,2016-03-18,NOT APPLICABLE,"This gazette content exclusively deals with land title registrations and property ownership determinations under the Registration of Title Act. It contains no references to government structure, ministries, ministerial appointments, or government personnel changes. The content focuses on cadastral mapping, land parcel determinations, and individual property ownership records, which fall outside the scope of government structure classification."
1958-46,2016-03-18,NOT APPLICABLE,"This gazette content exclusively concerns land title registrations and property ownership determinations under the Registration of Title Act. It contains detailed schedules of land parcels, their owners, and property characteristics. There is no mention of government structure, ministries, ministerial appointments, or any government personnel changes. The content falls squarely within the excluded categories of land registrations and property ownership matters."
1958-47,2016-03-18,NOT APPLICABLE,"This gazette exclusively concerns land title registration and property ownership determinations under the Registration of Title Act. It contains detailed schedules of land parcels, their owners, and property characteristics, but makes no reference to government structure, ministries, ministerial appointments, or any government personnel changes. The content falls under land administration matters, which are explicitly excluded from classification."
1958-48,2016-03-18,NOT APPLICABLE,"This gazette content exclusively deals with land title registration matters under the Registration of Title Act, specifically declaring determinations of land ownership for specific parcels. It involves the Sri Lanka Mahaweli Authority and Pradeshiya Sabha as land owners, but this relates to property ownership and land administration rather than government structure, ministerial appointments, or personnel changes. The content falls under the excluded category of ""Land registrations, property ownership, land titles."""
1958-49,2016-03-18,NOT APPLICABLE,"This gazette content exclusively concerns land title registration and property ownership matters under the Registration of Title Act. It details specific land parcels, their owners, and title determinations by the Commissioner of Title Settlement. There is no mention of government structure, ministries, ministerial appointments, or any government personnel changes. The content falls under the excluded category of ""Land registrations, property ownership, land titles."""
1958-50,2016-03-18,NOT APPLICABLE,"This gazette content exclusively concerns land title registration and property ownership determinations under the Registration of Title Act. It contains detailed schedules of land parcels, their extents, and individual landowners' information. There is no mention of government structure, ministries, ministerial appointments, or any government personnel changes. The content falls under land registration matters which are explicitly excluded from classification according to the scope restrictions."
1958-51,2016-03-18,NOT APPLICABLE,"The content exclusively deals with land registration matters, specifically the determination of land rights and boundaries by the Land Settlement Commissioner under the Land Settlement Ordinance. There is no mention of government structure, ministries, ministerial appointments, or any changes to government hierarchy or personnel."
1958-52,2016-03-18,NOT APPLICABLE,"This gazette content exclusively concerns land title registration and property ownership determinations under the Registration of Title Act. It involves the Commissioner of Title Settlement declaring determinations for specific land parcels, including details about land ownership, property boundaries, and cadastral information. There is no mention of government structure, ministries, ministerial appointments, or any government personnel changes. The content falls under land administration matters, which are explicitly excluded from classification according to the scope restrictions."
1958-53,2016-03-18,NOT APPLICABLE,"This gazette content exclusively concerns land title registration and property ownership matters under the Registration of Title Act. It details the determination of title for a specific land parcel, including its location, extent, and ownership details. There is no mention of government structure, ministries, government personnel, appointments, or any changes to ministerial portfolios or government hierarchy."
1958-54,2016-03-18,NOT APPLICABLE,"This gazette exclusively concerns land title registration matters under the Registration of Title Act, specifically declarations of determination for individual land parcels. It contains no content related to government structure, ministries, government personnel appointments, ministerial changes, or any aspect of government hierarchy. The content falls under the excluded category of ""Land registrations, property ownership, land titles."""
1958-55,2016-03-18,NOT APPLICABLE,"This gazette content exclusively deals with land title registrations, property ownership determinations, and cadastral matters under the Registration of Title Act. It contains no references to government structure, ministries, ministerial appointments, or government personnel changes. The content focuses entirely on land parcel determinations, ownership transfers, and property encumbrances, which fall outside the scope of government structure classification."
1958-56,2016-03-18,NOT APPLICABLE,"This gazette content exclusively deals with land title registrations and determinations under the Registration of Title Act, specifically declaring ownership of various land parcels. It contains no information related to government structure, ministries, ministerial appointments, or personnel changes. The content falls under the excluded category of ""Land registrations, property ownership, land titles."""
1958-58,2016-03-18,NOT APPLICABLE,"This gazette content exclusively deals with land registration notices calling for claims to land parcels under the Registration of Title Act. It involves administrative procedures for land title settlement, property ownership claims, and cadastral mapping processes. No content relates to government structure, ministries, ministerial appointments, portfolio assignments, or any changes to government hierarchy or personnel."
1958-59,2016-03-18,NOT APPLICABLE,"This gazette content exclusively deals with land registration matters, specifically notices calling for claims to intestate property under the Registration of Title Act. It contains no references to government structure, ministries, government personnel, appointments, or ministerial changes. The content focuses entirely on property claims and land title settlements, which falls outside the scope of government structure/personnel classification."
1958-63,2016-03-18,NOT APPLICABLE,"This gazette notice relates to land acquisition under the Land Acquisition Act for a water supply project. It contains details about property description, compensation claims, and public notification procedures. There is no mention of government structure, ministries, ministerial appointments, personnel changes, or government hierarchy. The content falls under land registration and administrative matters specifically excluded from classification."
1958-64,2016-03-18,PEOPLE,"This gazette content involves a government personnel action where Minister W. D. J. Seneviratne is named and his title ""Minister of Labour and Trade Union Relations"" is provided. However, the content does not describe his ministerial portfolio responsibilities in detail; it only shows him exercising his ministerial authority to revoke and issue orders related to an industrial dispute. This falls under personnel actions with basic titles only, making it Type 2 (People)."
1958-65,2016-03-18,NOT APPLICABLE,"This gazette content exclusively concerns land acquisition notices under the Land Acquisition Act, detailing specific lots of land being acquired for public purposes. It contains no information about government structure, ministries, ministerial appointments, personnel changes, or any aspect of government hierarchy. The content falls under the excluded category of ""Land registrations, property ownership, land titles."""
1958-66,2016-03-18,NOT APPLICABLE,"This gazette content exclusively concerns land acquisition notices under the Land Acquisition Act, detailing specific land parcels being acquired for public purposes. It contains no information about government structure, ministries, departments, personnel appointments, or changes to ministerial portfolios. The content falls under the excluded category of ""Land registrations, property ownership, land titles."""
1958-67,2016-03-18,NOT APPLICABLE,"This gazette exclusively contains land acquisition notices under the Land Acquisition Act, detailing specific parcels of land being acquired for public purposes. It lists land descriptions, claimants, and compensation procedures. There is no mention of government structure, ministries, ministerial appointments, or any changes to government personnel or hierarchy."
1958-68,2016-03-18,NOT APPLICABLE,"This gazette content exclusively concerns land acquisition notices under the Land Acquisition Act. It details specific plots of land being acquired for public purposes, lists claimants and original landowners, and provides procedures for compensation claims. There is no mention of government structure, ministries, ministerial appointments, or any changes to government personnel or hierarchy."
1958-69,2016-03-18,NOT APPLICABLE,"This gazette content exclusively contains land acquisition notices under the Land Acquisition Act, detailing specific land parcels being acquired for public purposes. It does not mention government structure, ministries, departments, or any government personnel appointments, changes, or restructuring. The content falls under the excluded category of ""Land registrations, property ownership, land titles."""
1958-70,2016-03-18,NOT APPLICABLE,"This gazette content exclusively concerns land acquisition notices under the Land Acquisition Act, detailing specific land parcels being acquired for public purposes. It contains no information about government structure, ministries, departments, or personnel appointments/changes. The content falls under the excluded category of ""Land registrations, property ownership, land titles."""
1958-71,2016-03-18,NOT APPLICABLE,"This gazette exclusively contains land acquisition notices under the Land Acquisition Act, detailing specific land parcels to be acquired for public purposes. It does not mention any government ministries, personnel changes, structural reorganizations, or ministerial portfolios. The content is purely administrative and related to property matters, which falls outside the scope of government structure or personnel classification."
1958-72,2016-03-18,HYBRID,"This gazette contains both a named individual (President Maithripala Sirisena) and detailed portfolio responsibilities. It amends the assignment of specific institutions (e.g., Sri Lanka National Freedom from Hunger Campaign Board, Pulses and Grain Research and Production Authority) to the Minister of Agriculture and creates a new ministerial portfolio (Minister of Regional Development) with a detailed breakdown of its duties, functions, and institutions under its purview. This meets the criteria for Hybrid (Type 3) classification as it includes both government personnel and detailed ministerial portfolio descriptions."
1958-73,2016-03-18,ORGANISATIONAL,"This gazette establishes the Eastern Province Tourism Bureau as a statutory body under the provincial council structure. It details the organizational composition, functions, powers, and administrative framework of the new bureau. While it mentions roles like ""the Minister"" and ""the Governor"" in an ex officio capacity, it does not name any specific individuals or detail their personal ministerial portfolios. The content is purely about government structural and administrative changes."
1958-74,2016-03-18,NOT APPLICABLE,"This gazette exclusively contains land acquisition notices under the Land Acquisition Act, detailing specific land parcels being acquired for road development purposes. It involves administrative procedures for land acquisition, compensation claims, and public notifications, but contains no content related to government structure, ministries, ministerial appointments, or personnel changes."
1958-75,2016-03-18,NOT APPLICABLE,"This gazette content exclusively concerns land acquisition notices under the Land Acquisition Act for public road development purposes. It contains detailed descriptions of specific land parcels, claimants, and encroachment details, but makes no reference to government structure, ministries, ministerial appointments, personnel changes, or portfolio assignments. This falls under the excluded category of ""Land registrations, property ownership, land titles."""
1958-20,2016-03-17,NOT APPLICABLE,"This gazette content pertains to industrial dispute arbitration appointments under the Industrial Disputes Act. While it mentions a Minister's name and title, the content is specifically about resolving labor disputes between employees and a government authority, not about government structure, ministerial changes, or personnel appointments affecting government hierarchy. This falls under labor relations and legal dispute resolution, which is excluded from classification."
1958-24,2016-03-17,NOT APPLICABLE,"This gazette exclusively contains land acquisition notices under the Land Acquisition Act, detailing specific land parcels, their descriptions, claimants, and encroachment details. It does not mention any government structure, ministries, departments, or personnel appointments/changes. The content falls under the excluded category of land registrations and administrative matters unrelated to government hierarchy."
1958-25,2016-03-17,NOT APPLICABLE,"This gazette content relates to land acquisition by the Ceylon Electricity Board under the Ceylon Electricity Board Act. While it mentions a Minister's name and title, the core content is about property acquisition (land descriptions, boundaries, extents) which falls under the excluded category of ""Land registrations, property ownership, land titles."" It does not involve government structure changes, ministerial portfolio assignments, or personnel changes affecting government hierarchy."
1958-27,2016-03-17,NOT APPLICABLE,"This gazette content exclusively concerns land reform matters, specifically statutory determinations regarding agricultural land ownership and vesting of excess lands in the Land Reform Commission. It contains no references to government structure, ministries, ministerial appointments, personnel changes, or any aspect of government hierarchy. The content falls under land registration and property ownership matters, which are explicitly excluded from classification."
1958-28,2016-03-17,NOT APPLICABLE,"This gazette notice is about land acquisition under the Land Acquisition Act, specifically describing a property to be acquired for public purpose and providing details about the land, its owners, and compensation procedures. It does not relate to government structure, ministries, government personnel appointments, or any changes to government hierarchy. The content falls under the excluded category of ""Land registrations, property ownership, land titles."""
1958-08,2016-03-16,NOT APPLICABLE,"This gazette content pertains to amendments to financial regulations under the Local Loans and Development Ordinance, specifically concerning loan approval limits and procedures. It does not relate to government structure, ministries, ministerial appointments, or government personnel changes. The content focuses on administrative financial regulations rather than government hierarchy or personnel matters."
1958-10,2016-03-16,NOT APPLICABLE,"This gazette content is a land acquisition notice published under the Land Acquisition Act. It involves the declaration that a specific parcel of land is needed for a public purpose. While it is signed by an Acting Minister, the content itself is solely about the administrative process of acquiring land and describes the property's boundaries. It does not relate to government structure, ministerial changes, personnel appointments, or portfolio responsibilities, which are outside the scope for classification."
1958-11,2016-03-16,NOT APPLICABLE,"This gazette content is exclusively about land acquisition compensation notices under the Land Acquisition Act. It details specific land parcels, their measurements, and compensation amounts deposited with the District Court. There is no mention of government structure, ministries, ministerial appointments, or personnel changes. The content falls under the excluded category of ""Land registrations, property ownership, land titles."""
1958-12,2016-03-16,NOT APPLICABLE,"This gazette exclusively contains land acquisition notices under the Land Acquisition Act, detailing specific land parcels, their boundaries, and claimants. While it mentions an Acting Minister of Lands in the declaration, this is purely procedural context for the land acquisition process. The content does not relate to government structure, ministerial portfolios, personnel changes, or administrative restructuring, which are the required criteria for classification."
1958-13,2016-03-16,NOT FOUND,"This gazette exclusively contains land acquisition notices under the Land Acquisition Act, detailing specific parcels of land being acquired for public purposes. The content focuses on property descriptions, claimants, and compensation procedures, with no mention of government structure, ministries, personnel appointments, or ministerial portfolios. This falls outside the classification scope which is restricted to government organizational and personnel matters."
1958-14,2016-03-16,NOT APPLICABLE,"This gazette content is exclusively about land acquisition under the Land Acquisition Act, describing specific land parcels and their boundaries for public acquisition. While it mentions an Acting Minister of Lands, this is only in the context of signing a procedural declaration for land acquisition. The content does not relate to government structure, ministerial changes, personnel appointments, or portfolio assignments, which are outside the scope of classification."
1958-15,2016-03-16,NOT APPLICABLE,"This gazette content exclusively concerns land acquisition notices under the Land Acquisition Act, detailing specific land parcels, their descriptions, claimants, and compensation procedures. It contains no information about government structure, ministries, ministerial appointments, personnel changes, or portfolio assignments. The content falls under the excluded category of ""Land registrations, property ownership, land titles."""
1958-16,2016-03-16,NOT APPLICABLE,"This gazette content is exclusively about land acquisition notices under the Land Acquisition Act. It describes specific parcels of land being acquired for public purposes and contains detailed property descriptions, boundaries, and assessment numbers. While it mentions a Minister's name and title in the declaration, this is purely procedural context for the land acquisition process. The core content does not relate to government structure, ministerial portfolios, personnel changes, or any administrative matters affecting government hierarchy."
1958-17,2016-03-16,PEOPLE,"This gazette content involves a government personnel (Minister of Justice, Wijeyadasa Rajapakshe) exercising powers vested in him by an Act. It names a specific minister and his title, but does not describe detailed portfolio responsibilities or ministerial functions. The content is about the minister issuing an order, which qualifies as a government personnel action without detailed portfolio explanation."
1958-18,2016-03-16,NOT APPLICABLE,"This gazette content is an errata notice correcting the name of a Grama Niladari Division. It does not relate to government structure, ministries, or government personnel appointments/changes. The content concerns a technical correction to a previously published administrative notice about local geographical boundaries, which falls outside the scope of government hierarchy, cabinet positions, or ministerial portfolios."
1958-19,2016-03-16,NOT APPLICABLE,"This gazette notice is exclusively about land acquisition under the Land Acquisition Act, detailing specific properties to be acquired, their descriptions, claimants, and procedures for compensation claims. It does not mention any government structure, ministries, departments, or personnel appointments/changes. The content is purely administrative and related to property matters, which falls outside the scope of classification."
1958-05,2016-03-15,NOT APPLICABLE,"This gazette content exclusively deals with industrial dispute arbitration appointments under the Industrial Disputes Act. It involves individual employment disputes between specific employees/employers and the appointment of arbitrators to resolve these disputes. There is no content related to government structure, ministries, ministerial appointments, portfolio assignments, or government personnel changes. The mention of the Minister of Labour is incidental to his statutory function in dispute resolution, not related to government structure or personnel matters."
1958-06,2016-03-15,PEOPLE,"The gazette mentions Maithripala Sirisena in his capacity as Minister of Defence, which constitutes a government personnel reference. However, the content primarily focuses on firearms regulations and amnesty procedures rather than detailing ministerial portfolio responsibilities or government structural changes. The mention is limited to a basic title without elaboration on the Defence portfolio's scope or responsibilities."
1958-07,2016-03-15,NOT APPLICABLE,"This gazette content exclusively concerns land acquisition notices under the Land Acquisition Act, detailing specific plots of land, their descriptions, claimants, and procedures for compensation claims. It does not mention government structure, ministries, ministerial appointments, or any changes to government personnel or hierarchy."
1958-01,2016-03-14,NOT APPLICABLE,"This gazette content exclusively concerns customs exchange rates and financial regulations under the Customs Ordinance. It involves the Director General of Customs setting currency conversion rates for duties and charges, which is an administrative function unrelated to government structure, ministries, ministerial portfolios, or personnel appointments/changes."
1958-02,2016-03-14,NOT APPLICABLE,"This gazette exclusively contains amendments to land title registrations under the Registration of Title Act, detailing specific parcel numbers, block amendments, servitude rights, and land extent modifications. It involves the Commissioner of Title Settlement making administrative corrections to land records, which falls under land registration matters explicitly excluded from classification. There is no mention of government structure, ministries, ministerial appointments, or any government personnel changes."
1958-03,2016-03-14,NOT APPLICABLE,"This gazette content exclusively concerns land title registration and property ownership matters under the Registration of Title Act. It details the determination of land parcel ownership for a specific property in Gampaha District, including owner names, property extent, and encumbrances. There is no mention of government structure, ministries, ministerial appointments, or any government personnel changes. The content falls outside the scope of government structure/personnel classification."
1958-04,2016-03-14,NOT APPLICABLE,"This gazette content exclusively concerns land title registration and property ownership matters under the Registration of Title Act. It details the determination of land parcel ownership for specific properties in Gampaha District, including owner names, parcel numbers, and land extent. There is no mention of government structure, ministries, ministerial appointments, or any government personnel changes. The content falls under the excluded category of ""Land registrations, property ownership, land titles."""
1957-23,2016-03-11,NOT APPLICABLE,"This gazette content pertains to financial regulations and exchange control permissions issued by the Central Bank of Sri Lanka. It concerns permissions for purchasing, transferring, and making payments for Sri Lanka Development Bonds to various categories of persons and entities. There is no mention of government structure, ministries, ministerial appointments, personnel changes, or any alterations to government hierarchy or portfolios."
1957-25,2016-03-11,NOT APPLICABLE,"This gazette content exclusively concerns land acquisition notices under the Land Acquisition Act for specific properties (Victoria Watta and Gonagalahena lands). It details property descriptions, claimants, and compensation procedures. There is no mention of government structure, ministries, ministerial appointments, personnel changes, or any government hierarchy matters. The content falls under land administration and property law, which is explicitly excluded from classification."
1957-26,2016-03-11,NOT APPLICABLE,"This gazette content relates to land acquisition under the Land Acquisition Act, specifically authorizing the taking of possession of a specific parcel of land. It mentions a Minister's name and title only in the context of signing this administrative order related to land. The core subject matter is a property/land transaction, which falls outside the scope of government structure, ministries, or personnel changes as defined in the exclusion criteria."
1957-30,2016-03-11,NOT APPLICABLE,"This gazette content establishes a provincial theme park and its administrative trust board structure. While it mentions provincial government positions (Chief Minister, Chief Secretary, etc.), these references are incidental to the creation of a tourism/entertainment facility. The content does not relate to government structure, ministerial changes, presidential appointments, or government personnel changes. It focuses on operational details of a specific provincial project rather than changes to government hierarchy or portfolios."
1957-31,2016-03-11,NOT APPLICABLE,"This gazette notification relates to the authorization and exemption of a private motorcycle club under the Societies Ordinance. It involves regulatory action by a minister but does not concern government structure, ministerial portfolios, or personnel changes. The content focuses on licensing/regulatory matters for a private organization, which falls outside the scope of government structure classification."
1957-32,2016-03-11,NOT APPLICABLE,"This gazette exclusively concerns land acquisition notices under the Land Acquisition Act, detailing specific land lots, boundaries, ownership details, and compensation procedures. It contains no content related to government structure, ministries, ministerial appointments, portfolio assignments, or any changes to government hierarchy or personnel."
1957-20,2016-03-10,HYBRID,"This gazette contains both government personnel appointments (naming specific individuals: Hon. Amarathunga John Anthony Emmanuel, Mr. N. D. Hettiarachchi, etc.) AND detailed portfolio assignments (Minister of Lands, Secretary of City Planning and Water Supply, etc.). The content directly relates to presidential appointments of ministers and ministry secretaries, affecting government hierarchy."
1957-21,2016-03-10,NOT APPLICABLE,"This gazette content relates to aviation safety standards and technical regulations issued under the Civil Aviation Act. It contains a checklist of implementing standards for aviation personnel but does not mention government structure, ministries, ministerial appointments, or any changes to government hierarchy. The content is purely regulatory/technical in nature and falls outside the scope of government structure/personnel classification."
1957-22,2016-03-10,NOT APPLICABLE,"This gazette exclusively contains land acquisition notices under the Land Acquisition Act for the Moragahakanda and Kaluganga Development Project. It details specific land parcels, their descriptions, claimants, and possessors. There is no content related to government structure, ministries, government personnel appointments, or ministerial portfolio changes. The content falls under the excluded category of ""Land registrations, property ownership, land titles."""
1957-15,2016-03-09,NOT APPLICABLE,"This gazette content exclusively deals with land registration matters, specifically notices calling for claims to intestate property under the Registration of Title Act. It contains no references to government structure, ministries, government personnel, appointments, or ministerial changes. The content focuses entirely on property claims, land parcels, and administrative procedures for intestate property registration, which falls outside the scope of government structure/personnel classification."
1957-16,2016-03-09,NOT APPLICABLE,"This gazette content exclusively concerns land title registration amendments under the Registration of Title Act. It details specific parcel numbers, cadastral maps, and property ownership changes in Homagama, including servitude rights and owner identification details. There is no mention of government structure, ministries, ministerial appointments, or any government personnel changes. The content falls under land administration matters, which are explicitly excluded from classification."
1957-17,2016-03-09,NOT APPLICABLE,"This gazette content exclusively concerns land reform matters, specifically statutory determinations under the Land Reform Law regarding agricultural land retention by private individuals. It involves the Land Reform Commission making determinations about private property rights and does not mention any government ministries, personnel appointments, structural changes, or ministerial portfolios."
1957-18,2016-03-09,NOT APPLICABLE,"This gazette content exclusively concerns the declaration of archaeological sites and monuments as ""Protected Monuments"" under the Antiquities Ordinance. While it mentions the Minister of Education in the authorization, the core content is about heritage preservation and land designation, not government structure, personnel changes, or ministerial portfolios. The content falls under the excluded category of administrative matters that don't affect government hierarchy."
1957-02,2016-03-08,NOT APPLICABLE,"This gazette content exclusively concerns land acquisition notices under the Land Acquisition Act, including descriptions of specific properties, claimants, and procedural details for compensation claims. There is no mention of government structure, ministries, ministerial appointments, or personnel changes. The content falls under the excluded category of ""Land registrations, property ownership, land titles."""
1957-03,2016-03-08,Error,API request failed: 400 Client Error: Bad Request for url: https://api.deepseek.com/v1/chat/completions
1957-04,2016-03-08,NOT APPLICABLE,"This gazette content exclusively concerns land title registration and property ownership determinations under the Registration of Title Act. It involves declarations by the Commissioner of Title Settlement regarding specific land parcels, their owners, and property details. There is no mention of government structure, ministries, ministerial appointments, or any government personnel changes. The content falls under land administration matters, which are explicitly excluded from classification according to the scope restrictions."
1957-05,2016-03-08,NOT APPLICABLE,"This gazette content relates to the imposition of special commodity levies on specific goods (mackerel, peas, chickpeas, sugar, vegetable oils, etc.) under the Special Commodity Levy Act. While it mentions the Minister of Finance as the issuing authority, the content itself is about taxation/tariff policy and commodity regulation rather than government structure, personnel changes, or ministerial portfolio assignments. This falls under economic policy implementation rather than government organizational or personnel matters."
1957-06,2016-03-08,NOT APPLICABLE,"This gazette exclusively contains notices calling for claims to land parcels under the Registration of Title Act. It deals with land ownership claims, cadastral maps, and property title settlements in various districts. There is no content related to government structure, ministries, government personnel appointments, or ministerial portfolios. The content falls under the excluded category of ""Land registrations, property ownership, land titles."""
1957-07,2016-03-08,NOT APPLICABLE,"This gazette content exclusively concerns land title registration and the amendment of a specific land parcel record under the Registration of Title Act. It involves administrative action by the Commissioner of Title Settlement regarding land registration particulars. There is no mention of government structure, ministries, government personnel, appointments, or any changes to ministerial portfolios or departmental organization."
1957-08,2016-03-08,NOT APPLICABLE,"This gazette exclusively concerns land title registrations and property ownership determinations under the Registration of Title Act. It contains detailed schedules of land parcels, their owners, and property encumbrances, with no mention of government structure, ministries, ministerial appointments, or personnel changes. The content falls squarely within the excluded categories of land registrations and property ownership matters."
1957-09,2016-03-08,NOT APPLICABLE,"This gazette content exclusively concerns land title registration and property ownership determinations under the Registration of Title Act. It contains detailed schedules of land parcels, their owners, and property characteristics, but contains no information about government structure, ministries, ministerial appointments, or personnel changes. This falls under the excluded category of ""Land registrations, property ownership, land titles."""
1957-10,2016-03-08,NOT APPLICABLE,"This gazette content exclusively concerns land title registrations and determinations under the Registration of Title Act. It contains detailed schedules of land parcels, their owners, and property details, but contains no information about government structure, ministries, ministerial appointments, or personnel changes. This falls under the excluded category of ""Land registrations, property ownership, land titles."""
1957-11,2016-03-08,NOT APPLICABLE,"This gazette content exclusively concerns land acquisition notices under the Land Acquisition Act, detailing specific land parcels to be acquired for public purposes. It contains no information about government structure, ministries, ministerial appointments, personnel changes, or portfolio assignments. The content falls under the excluded category of ""Land registrations, property ownership, land titles."""
1957-12,2016-03-08,NOT APPLICABLE,"This gazette exclusively contains land acquisition notices under the Land Acquisition Act, detailing specific plots of land to be acquired for public purposes. It does not mention any government structure, ministries, departments, or personnel appointments/changes. The content is purely administrative regarding property and is explicitly excluded from classification."
1957-14,2016-03-08,NOT APPLICABLE,"This gazette notification is about land acquisition for airport development under the Civil Aviation Authority Act. While it mentions a minister's name and title, the core content relates to property acquisition (land for domestic airports) which falls under the excluded categories. It does not involve government structure changes, ministerial portfolio assignments, or personnel changes affecting government hierarchy."
1957-01,2016-03-07,NOT APPLICABLE,"This gazette content exclusively deals with customs exchange rates and financial regulations, specifically setting currency conversion rates for customs duties. It does not mention any government structure, ministries, ministerial appointments, portfolio assignments, or personnel changes. The content is purely administrative/operational in nature, falling outside the scope of government structure or personnel classification."
1956-28,2016-03-04,NOT APPLICABLE,"This gazette content exclusively concerns land title registration and property ownership matters under the Registration of Title Act. It involves the Commissioner of Title Settlement determining ownership of specific land parcels, listing property owners, and documenting land encumbrances. There is no mention of government structure, ministries, ministerial appointments, or any government personnel changes. The content falls under the excluded category of ""Land registrations, property ownership, land titles."""
1956-30,2016-03-04,NOT APPLICABLE,"This gazette content exclusively concerns land title registration and property ownership matters under the Registration of Title Act. It details the determination of land ownership for a specific parcel in Gampaha District, including the owner's name, property extent, and registration details. There is no mention of government structure, ministries, ministerial appointments, or any government personnel changes."
1956-31,2016-03-04,NOT APPLICABLE,"This gazette content exclusively concerns land title registration under the Registration of Title Act, specifically declaring a determination regarding ownership of a specific parcel of land. It contains no information about government structure, ministries, government personnel, appointments, or ministerial portfolios. The content falls under the excluded category of ""Land registrations, property ownership, land titles."""
1956-32,2016-03-04,NOT APPLICABLE,"This gazette content exclusively deals with land registration matters, specifically calling for claims to intestate property under the Registration of Title Act. It contains no information about government structure, ministries, ministerial appointments, or government personnel changes. The content focuses entirely on property claims and land title settlements, which falls outside the scope of government structure/personnel classification."
1956-33,2016-03-04,NOT APPLICABLE,"This gazette content exclusively deals with land title registration and determinations under the Registration of Title Act. It contains detailed schedules of land parcels, their owners, and property details. There is no mention of government structure, ministries, ministerial appointments, or any government personnel changes. The content falls under the excluded category of ""Land registrations, property ownership, land titles."""
1956-34,2016-03-04,NOT APPLICABLE,"This gazette content exclusively concerns land acquisition notices under the Land Acquisition Act, detailing specific land lots, their descriptions, claimants, and compensation procedures. It does not mention government structure, ministries, ministerial appointments, or any changes to government personnel or hierarchy."
1956-35,2016-03-04,NOT APPLICABLE,"This gazette content exclusively concerns land acquisition notices under the Land Acquisition Act, detailing specific parcels of land being acquired for public purposes. It contains no information about government structure, ministries, ministerial appointments, personnel changes, or government hierarchy. The content falls under the excluded category of ""Land registrations, property ownership, land titles."""
1956-27,2016-03-03,PEOPLE,"This gazette contains presidential appointments of 23 named individuals to a special commission (National Salaries and Cadre Commission) with K. L. L. Wijeratne appointed as Chairman and Asoka Jayasekara as Secretary. While it establishes a government body, the content focuses exclusively on personnel appointments with basic titles only (members, chairman, secretary) without detailing any ministerial portfolios, government restructuring, or specific portfolio responsibilities. The commission's purpose is advisory on wage policy matters rather than constituting a government ministry or department."
1956-18,2016-03-02,NOT APPLICABLE,"The gazette content involves the transfer of specific land properties to the People's Bank under the Finance Act. While it mentions the Minister of Finance by name, the core content is exclusively about land registration and property vesting, which falls outside the scope of government structure, ministries, or personnel changes. The detailed descriptions are all about land boundaries, titles, and registrations rather than government hierarchy or ministerial portfolios."
1956-19,2016-03-02,NOT APPLICABLE,"This gazette content relates to excise duty regulations, import procedures, and licensing requirements for ethyl alcohol. It does not contain any information about government structure, ministries, ministerial appointments, portfolio assignments, or government personnel changes. The mention of ""Minister of Finance"" is only in the context of exercising statutory powers under existing legislation, not announcing any structural or personnel changes to the government."
1956-20,2016-03-02,NOT APPLICABLE,"This gazette exclusively contains land acquisition notices under the Land Acquisition Act, detailing specific land parcels being acquired for public purposes. It does not mention any government ministries, personnel changes, structural reorganizations, or ministerial portfolios. The content is purely administrative regarding property matters, which falls outside the scope of government structure/personnel classification."
1956-21,2016-03-02,NOT APPLICABLE,"This gazette content solely concerns military awards (Videsha Sewa Padakkama) being given to Air Force personnel. While it mentions the President and Ministry of Defence in an administrative capacity, the core content is about military decorations and personnel recognition, not government structure, ministerial changes, or portfolio assignments. This falls outside the scope of government structure/personnel classification."
1956-22,2016-03-02,NOT APPLICABLE,"This gazette content is about awarding military decorations (Videsha Sewa Padakkama) to Air Force personnel. While it mentions the President and Ministry of Defence, the content does not relate to government structure, ministerial changes, or personnel appointments affecting government hierarchy. It is purely a military awards announcement, which falls outside the scope of government structure/personnel classification."
1956-23,2016-03-02,PEOPLE,"This gazette announces the appointment of a specific individual (Field Marshal Hon. Gardihewa Sarath Chandralal Fonseka) to a ministerial position (Minister of Regional Development). It does not include any detailed description of the portfolio's responsibilities or subject areas, only the basic title. Therefore, it is classified as a People Gazette (Type 2)."
1956-24,2016-03-02,PEOPLE,This gazette exclusively announces a personnel appointment (Mr. P. B. Amarasekara as Chairman of the Uva Provincial Council Public Service Commission) made by the Governor. It names the individual and his new title but provides no detailed description of his portfolio responsibilities or any structural changes to the government.
1956-25,2016-03-02,HYBRID,"This gazette contains both specific government personnel (Chief Minister Sarath Ekanayake) and detailed ministerial portfolio descriptions (Minister of Finance and Planning, Law and Order, Local Government and Provincial Administration, etc.). The content establishes government structure (Early Childhood Development Unit) and outlines the responsibilities of various government positions and committees within the provincial administration, making it a hybrid document that covers both people and organizational structure with detailed portfolio assignments."
1956-11,2016-03-01,NOT APPLICABLE,"This gazette contains regulations related to pilgrimage management, public health measures, and event administration for a specific temple festival. It does not mention government structure, ministries, ministerial appointments, portfolio assignments, or any changes to government hierarchy. The content focuses on operational regulations for a religious event rather than government organizational or personnel matters."
1956-12,2016-03-01,NOT APPLICABLE,"This gazette content relates to industrial dispute resolution under the Industrial Disputes Act, specifically the appointment and revocation of arbitrators for a labor dispute between an individual and the Sri Lanka Transport Board. While it mentions a Minister's name and title, this is incidental to the administrative function of labor dispute resolution rather than relating to government structure, ministerial portfolios, or personnel changes affecting government hierarchy. The content focuses on a specific employment dispute resolution process, not government organizational changes or appointments to government positions."
1956-13,2016-03-01,NOT APPLICABLE,"This gazette content relates to the declaration of nature reserves (Nagarkovil Nature Reserve and Wedithalathive Nature Reserve) under the Fauna and Flora Protection Ordinance. While it mentions a minister's name and title, the content is exclusively about environmental conservation and land designation matters, not government structure, ministerial portfolios, or personnel changes. The minister's mention is incidental to the exercise of statutory powers for environmental protection, which falls outside the scope of government structure/personnel classification."
1956-14,2016-03-01,NOT APPLICABLE,"This gazette notification concerns the naming of a municipal road (""Edmond Samarawickrema Mawatha"") by a local government authority (Colombo Municipal Council). While it mentions a government official (the Chief Minister and Minister in charge of Local Government), the core content is a local administrative matter related to urban planning and street naming, which falls outside the scope of government structure, ministries, or personnel changes."
1956-15,2016-03-01,NOT APPLICABLE,"This gazette content relates to the renaming of a municipal road by local government authorities. It involves a municipal council notification about street naming under municipal ordinances, which falls under local administrative matters rather than national government structure, ministries, or personnel. The content does not affect national government hierarchy, cabinet positions, or ministerial portfolios."
1956-16,2016-03-01,NOT APPLICABLE,"This gazette content pertains to amendments to the Service Minute of the Sri Lanka Education Administrative Service, specifically detailing changes to educational qualification requirements for recruitment. It does not relate to government structure, ministries, ministerial appointments, or government personnel changes. The content is purely administrative regarding civil service recruitment criteria."
1956-17,2016-03-01,NOT APPLICABLE,"This gazette notification is issued by the Minister of Finance but relates exclusively to customs valuation procedures for motor vehicles. The content specifies technical customs calculation methods and repeals previous customs notifications. While it mentions a minister's name and title, the substance is purely administrative/regulatory matter concerning import duties and customs procedures, which falls outside the scope of government structure, ministries, or personnel changes."
